[{"id": "86c27249-9f77-4a11-87b0-285d2be47944", "conversation_id": "695cfa48-c574-8332-8a2d-4ff4509aece8", "user_id": "user-9Ki6XjP9K7OFhmZg8dcPidyK", "rating": "thumbs_up", "create_time": "2026-01-23T09:23:26.935755Z", "workspace_id": null, "content": "{}", "evaluation_name": null, "evaluation_treatment": null, "update_time": "2026-01-23T09:23:27.144641Z"}, {"id": "907229a0-ae88-49ed-8b4c-380c4f50b225", "conversation_id": "69735a31-4080-8321-a7fd-b3f50d37f3ad", "user_id": "user-9Ki6XjP9K7OFhmZg8dcPidyK", "rating": "thumbs_up", "create_time": "2026-01-23T11:53:25.763316Z", "workspace_id": null, "content": "{}", "evaluation_name": null, "evaluation_treatment": null, "update_time": "2026-01-23T11:53:26.267340Z"}, {"id": "9b34fa07-030a-4b65-9f26-6f511d7be247", "conversation_id": "69735a31-4080-8321-a7fd-b3f50d37f3ad", "user_id": "user-9Ki6XjP9K7OFhmZg8dcPidyK", "rating": "thumbs_up", "create_time": "2026-01-23T12:13:16.431426Z", "workspace_id": null, "content": "{}", "evaluation_name": null, "evaluation_treatment": null, "update_time": "2026-01-23T12:13:16.678373Z"}, {"id": "e47b62e7-c31d-4175-b639-16f558484c6f", "conversation_id": "696619cb-877c-8331-b816-716eacc29246", "user_id": "user-9Ki6XjP9K7OFhmZg8dcPidyK", "rating": "thumbs_up", "create_time": "2026-01-23T13:09:28.520153Z", "workspace_id": null, "content": "{}", "evaluation_name": null, "evaluation_treatment": null, "update_time": "2026-01-23T13:09:28.725080Z"}]